{
	"info": {
		"_postman_id": "23fec28b-63f3-42e0-ad9c-3f6f1afd1498",
		"name": "Banking",
		"schema": "https://schema.getpostman.com/json/collection/v2.1.0/collection.json",
		"_exporter_id": "21705550"
	},
	"item": [
		{
			"name": "Auth",
			"item": [
				{
					"name": "Register",
					"request": {
						"method": "GET",
						"header": []
					},
					"response": []
				},
				{
					"name": "Login",
					"request": {
						"method": "GET",
						"header": []
					},
					"response": []
				}
			]
		},
		{
			"name": "Wallet",
			"item": [
				{
					"name": "Createwallete",
					"request": {
						"method": "GET",
						"header": []
					},
					"response": []
				},
				{
					"name": "GetWallets",
					"request": {
						"method": "GET",
						"header": []
					},
					"response": []
				},
				{
					"name": "DeleteWallet",
					"request": {
						"method": "GET",
						"header": []
					},
					"response": []
				}
			]
		},
		{
			"name": "SampleDocument",
			"item": [
				{
					"name": "GetReports",
					"request": {
						"method": "GET",
						"header": []
					},
					"response": []
				}
			]
		}
	]
}